{
    "1": {
        "x": [
            0,
            -350.45351159505685,
            417.0017169640014,
            0,
            52.00284590782689,
            197.98648276235735
        ],
        "y": [
            0,
            262.70261189855194,
            -163.72135962184342,
            0,
            -184.88665711983253,
            67.79728765440206
        ],
        "z": [
            0,
            1516.073539615165,
            1530.0934590123957,
            0,
            1147.6746733968332,
            865.9792464004607
        ],
        "timestamp": "2025-11-10T06:22:14.076191"
    }
}