{
    "timestamp": "2025-11-09 09:19:44",
    "laptop_id": 1,
    "is_a_detected": true,
    "is_b_detected": true,
    "displacement_a": 30.843665674568825,
    "displacement_b": 32.87489168186522,
    "peak": -47.777837775744686
}