{
    "laptop_id": 1,
    "is_a_detected": false,
    "is_b_detected": false,
    "dista": 105.60563585077938,
    "distb": 85.798187838917
}