{
    "1": {
        "id": 1,
        "detected": true,
        "x": -252.95841345648006,
        "y": 12.639755313864201,
        "z": 479.25412857668545,
        "roll": 177.8270485925643,
        "pitch": -72.40384998498301,
        "yaw": 1.494273818947934,
        "last_seen": 1762482228.7235928,
        "last_pos_2d": [
            298,
            377
        ]
    },
    "3": {
        "id": 3,
        "detected": true,
        "x": -309.37934841152514,
        "y": 20.990198160085473,
        "z": 374.12658294111765,
        "roll": -174.18359259905856,
        "pitch": -79.27144653587487,
        "yaw": -3.945199636663436,
        "last_seen": 1762482228.7235928,
        "last_pos_2d": [
            103,
            396
        ]
    },
    "2": {
        "id": 2,
        "detected": false,
        "x": 0.0,
        "y": 0.0,
        "z": 0.0,
        "roll": 0.0,
        "pitch": 0.0,
        "yaw": 0.0,
        "last_seen": 0.0,
        "last_pos_2d": [
            0,
            0
        ]
    }
}