{
    "timestamp": "2025-11-11 03:22:30",
    "laptop_id": 1,
    "is_a_detected": true,
    "is_b_detected": true,
    "displacement_a": 5.561244217402731,
    "displacement_b": -50.805778168671594
}