{
    "timestamp": "2025-11-10 08:01:23",
    "laptop_id": 1,
    "is_a_detected": true,
    "is_b_detected": true,
    "displacement_a": 0.6393681947958925,
    "displacement_b": -4.414359824417687
}